no;ys;yo;xs1;xs2;xo1;xo2
1;2;0.915005987;-1.001514322;0.873961876;-1.948028015;-1.381484484
2;2;4.291498921;-1.207276025;0.563629841;-0.283350535;1.536358306
3;2;0.815628607;-1.521092586;-0.326415014;2.973140217;0.279578577
4;3;1.957780703;1.26803435;0.766002442;1.189279329;-0.213685128
5;2;1.403147161;2.007086308;-0.729151205;-0.081138124;1.463296979
6;3;1.3113916;1.032015485;1.324063316;-0.280559998;0.006849467
7;3;3.751940329;-0.414132969;1.020512063;-0.250868077;-1.437646624
8;2;2.287689913;1.340025171;0.107756971;1.124900879;1.457069571
9;3;0.812687778;-0.129628361;0.725485468;-0.651920701;-0.100077517
10;3;0.515060958;1.343051198;0.318535084;-0.289154839;-0.249761373
11;3;4.129431901;1.355984371;0.38846642;0.086999711;-1.168196466
12;2;1.433283064;-0.223391448;-1.084040383;-0.688183404;-0.112423903
13;2;4.610579877;-0.254685547;0.17987177;0.339567977;2.046571304
14;2;3.153414904;0.388648006;-0.348267456;-1.693815235;0.864379724
15;1;0.210809732;-2.686258322;-0.789434618;0.201677947;-0.240828848
16;3;-1.578925109;1.498976441;1.671660918;-0.611193943;0.074366371
17;2;3.54053218;-0.314499804;-0.537170377;-0.203451324;0.705154796
18;1;3.361224854;-0.624857846;-1.324611504;1.74201697;-0.991272182
19;2;0.762424212;0.63615047;-1.58693515;0.242166377;0.143253247
20;2;0.267626049;-1.463918301;0.71462669;-0.146993735;-1.35140636
21;2;2.825436993;-2.155196587;0.191885233;-1.135212597;1.278791192
22;1;-1.116170829;-1.545284188;0.776377395;-0.575588625;-2.002422525
23;2;1.862207453;-0.700196963;0.479794864;0.076023155;0.09743761
24;2;1.544356674;-0.722418982;0.036033094;0.602744722;0.00728589
25;2;4.680577961;1.190838408;-1.328338318;-0.120954631;1.820731243
26;2;-0.144445584;0.39542097;-0.487662723;0.320668112;-1.195922523
27;2;3.042830123;-0.746387783;0.149539117;-0.742924984;0.889076867
28;2;0.673091229;-0.04754449;-0.341780021;0.892325486;-0.822700583
29;2;2.856312672;-0.053827587;-0.85100393;-2.735372846;-1.285722781
30;2;-6.02646279;1.059605127;-0.674870605;1.546589799;-1.778170506
31;2;4.258283358;-0.546733944;0.125308111;-1.653649689;-0.275773621
32;2;-2.520098574;-0.163262048;0.356470204;-0.098810972;-1.489511995
33;3;1.330507297;0.83988821;0.520443972;-0.733111923;-0.433155121
34;2;1.459086223;0.57142064;-1.229006685;-0.739503275;0.117195944
35;1;-0.576906364;-1.201918511;-0.61937686;-0.666749858;0.030144397
36;2;-0.78297261;-0.648348496;-0.953956903;1.240656819;-0.502887125
37;2;1.645584008;-0.169796701;0.236674216;0.399247936;0.242420924
38;1;0.264667242;-2.371425743;-1.012583101;1.021165;-1.021854735
39;3;3.856794796;2.100782811;0.92591806;-1.840690775;-1.483009265
40;2;-2.169163986;-0.919857688;1.31667809;0.494685207;-1.536568717
41;3;-1.939852402;0.893522645;0.177689802;-0.518845566;0.889600482
42;2;1.76373456;-0.722838138;0.31593686;1.347784543;1.740961037
43;2;0.54719277;0.369656748;0.074824255;-0.041676833;-0.093090274
44;3;0.996566556;1.652352109;-0.344035395;0.224293561;0.260266208
45;2;-0.698865392;-1.10231436;-0.018751302;-1.124008456;-1.488300453
46;3;-1.132654754;0.329799399;0.912468401;-0.585639544;0.489379461
47;2;-0.926123388;0.61863407;-0.413284346;1.078722817;-1.020997241
48;1;1.103373568;-1.838200879;-0.23763265;-0.33914908;0.687324678
49;1;-0.047546514;-0.996046072;-0.414865837;-0.251237535;-0.031232013
50;2;2.061476743;1.984253187;-0.640681409;-1.877689478;-0.235277508
51;2;-1.060910618;-0.041880796;0.095899721;-0.068889008;-0.47800075
52;1;-1.820921123;-1.616864021;-1.844382084;-1.677335336;1.16037585
53;2;3.830990227;-1.760195475;0.777104982;-1.029359302;1.356035728
54;3;3.556033581;2.024497579;0.20406635;-1.221685065;-0.695019104
55;2;-1.250961883;-0.093163898;0.954794404;-0.120605461;-1.140756517
56;3;-4.093848368;2.655620092;1.471021479;0.427679563;1.740569355
57;3;-1.08102897;0.283121875;1.82142721;-1.346991134;0.556110503
58;2;1.925106811;-0.010311964;-0.813055838;0.081198088;-0.759143689
59;2;5.129883275;-1.262843255;-0.808481786;-0.546492641;1.212277996
60;3;-1.132499819;-1.64865425;1.306828914;-1.292587171;0.193281601
61;3;1.70319293;-0.346550608;1.113874435;0.490645999;0.773004807
62;2;-2.818904508;1.142577517;-1.311173601;0.134534753;-0.558386115
63;2;-0.767493986;0.540921192;0.11902569;0.751432032;0.196297092
64;3;-0.310679446;-1.165017425;0.870366509;-0.677727247;0.979674721
65;3;1.650083309;0.859427399;0.643862763;-0.348099252;-1.362499021
66;2;-1.856408113;-0.076834156;1.09017299;-0.160045841;-1.217433451
67;2;2.247718488;-2.167953834;0.135010114;-0.273148967;0.389551852
68;2;0.161239544;0.687782291;-0.268369686;0.365168558;-0.005864458
69;2;1.56991623;-0.813251221;0.105875999;-0.069296;-0.128237724
70;2;3.153659562;1.656652643;-0.503465195;1.087613327;1.439401988
71;1;0.324846879;-0.531956245;-1.792698434;-1.343128757;1.753580277
72;2;-4.05309786;1.225718133;-0.401591169;0.349816115;-1.600305107
73;3;5.42960482;0.790410966;0.612442247;-0.780908005;-2.193554714
74;3;2.17432743;-0.437786043;0.94149316;-0.041387107;-0.474489779
75;2;-1.907924424;0.857495118;-1.873818551;0.376991792;-0.196855286
76;2;2.962202791;-0.382617393;-0.1126986;-0.186023504;0.721934968
77;3;0.895735179;0.32401909;1.983317082;0.293908717;0.036027193
78;1;-0.694707707;-1.248973489;-0.180160582;0.366491688;-1.970344578
79;3;6.388026436;0.027265068;0.953057614;0.576071936;-1.256105826
80;2;-0.019379174;-1.732911857;0.265377967;0.30642703;-1.701761234
81;1;3.543531273;-1.852395019;0.150025416;0.886596056;0.715809541
82;3;-3.233666617;2.043514494;0.746785655;-0.100804561;1.462903601
83;2;0.482153273;-0.394828641;-0.809776436;-0.707468395;-0.052785013
84;3;-3.629438295;0.951700381;0.979907507;0.34647387;2.381352916
85;1;0.079928597;-0.189526266;-1.659874854;-1.02052829;0.63126326
86;1;0.139355148;-1.706261972;0.247726873;-0.543055065;0.021491229
87;2;-1.456591038;0.112696782;-1.225526567;-0.023225189;-2.093845999
88;2;2.433679376;-0.714122523;-1.403802837;0.238629845;0.142614298
89;2;0.989107298;0.704705239;-0.60267248;-0.865402176;-0.878819161
90;3;-8.011534572;0.360538956;0.64727398;-1.830371393;2.259038801
91;2;2.696884139;-0.403843825;-0.143396158;-2.008498941;-0.053555999
92;2;1.725475408;-0.466532372;1.195686918;-0.069822839;-0.289185896
93;2;3.319840524;0.273708296;-0.375441875;-0.457336413;0.575533511
94;1;1.060485414;0.110475915;-1.392115027;-0.532264337;2.256849568
95;2;2.703847747;-0.319770576;0.504045061;0.015810949;1.311618771
96;2;0.325704166;0.125722993;0.106955199;-0.02202739;-0.465069462
97;2;4.430739658;-2.139271748;0.947525324;-0.947280483;1.114236724
98;3;1.47833912;0.967890486;-0.444634552;-1.291169544;-1.207607185
99;2;3.935504199;-2.241530371;0.264289809;0.018953929;1.029381694
100;2;-0.148690111;-0.732465462;-0.666109733;-0.419835781;-1.555636647
101;3;-3.148387105;0.694546284;2.054263115;-0.112647461;1.180028139
102;2;1.721497024;-1.325276454;0.417477568;-0.926606717;-0.412125842
103;2;1.383109198;-0.796348289;-0.4404762;0.050797725;-0.073319189
104;1;3.293641654;-0.028505779;-0.611159006;0.611696687;-0.107154105
105;2;2.769212853;-0.09916724;0.311198615;0.202033294;0.320676156
106;2;4.392568553;-0.519309871;-0.168999108;-1.119008946;0.513348916
107;3;2.060283522;1.678186312;0.325927064;0.972769549;-0.128831566
108;2;3.194969713;0.324288134;-0.470592636;0.292665236;1.551469106
109;2;3.92289375;0.624601658;-0.451783134;-0.985210654;0.418462293
110;1;-1.361706673;-0.673772973;-1.196665832;-0.53160694;-0.682806374
111;2;0.607757026;1.125449373;-1.821292052;1.470004305;0.039686072
112;2;2.731558114;-0.581244895;-0.218380837;0.301566006;0.497908159
113;2;1.849132769;-0.23047335;-0.356182838;0.43594186;1.013250767
114;3;7.383708097;0.160028558;0.886739133;2.407291237;-1.065143673
115;2;-2.484123414;-0.39846986;-0.368274346;-0.874181682;-2.18555841
116;2;-0.064644628;-1.182568654;0.303687983;-0.852561124;-1.490647772
117;1;1.815681799;1.319418438;-3.035999108;0.81650349;-1.599689823
118;2;3.338724606;1.939985407;0.05794699;-3.41728604;-0.426049059
119;3;-4.069171481;0.00978745;3.490298802;-1.338721196;0.044655338
120;2;-0.363547767;-0.232106025;-0.809763104;2.755478585;0.517413557
121;3;-2.33638244;-1.280975487;0.794007457;-1.834553392;1.099068441
122;2;1.643831344;-1.435929999;0.181220171;-0.700686464;0.784821927
123;2;6.404632738;0.060293795;0.781158444;-1.547579978;3.756716058
124;3;2.988935393;-0.056016833;1.124590388;1.589616051;0.246631779
125;1;4.271642545;0.041052357;-1.327382177;2.346624927;-1.17909716
126;2;0.183229675;0.434154246;-1.735885701;-0.161414094;-0.770180697
127;2;4.657520865;-0.118889774;0.252151026;-1.862661362;0.691205436
128;2;3.046259481;-0.293112009;-0.401694643;-0.971309364;0.1570904
129;2;0.581376649;0.383908911;-0.232972099;0.29555485;0.008727211
130;2;-5.608674179;-0.234163421;-0.599762054;1.600438649;-2.125492609
131;3;3.537035433;0.855714244;0.759945764;1.055354933;-0.737620464
132;2;-0.389565069;1.203490862;-0.143774902;1.053541998;0.06519865
133;2;0.674322369;-1.029735758;-1.007400239;-0.75985617;-0.304800396
134;2;3.44696989;-0.915544584;0.316172807;0.036436434;1.877929295
135;1;-1.449883452;-2.884708497;-0.207252713;-1.220432786;0.236243811
136;3;0.883149267;-0.221771715;1.835042771;-0.08692331;-0.461346042
137;1;-1.868385903;-0.474827241;-0.793203418;-1.20541623;-0.511993247
138;2;3.007828867;-0.909380154;-0.553204501;-1.334406777;-0.255543361
139;2;2.253451129;-0.203983692;1.00399396;-0.775331625;-0.924798473
140;2;4.054880191;-0.320115496;-0.67143982;-0.796076715;0.611712875
141;1;1.101879241;0.276840402;-2.337948487;1.688577126;-2.506278649
142;1;4.308690437;-0.992940888;-1.191547124;1.039172502;0.693103216
143;1;0.791544503;-1.535185159;-0.786365006;-0.531351698;-0.147049151
144;2;-1.664649777;0.228405739;-0.479123342;0.233033178;-0.803122302
145;2;-1.448790696;-0.188917031;-1.127054078;0.177787218;-0.858578577
146;2;0.612255495;0.853551862;-1.350514732;-0.820532032;-0.536125618
147;2;-0.830281827;-0.644922721;0.072213999;0.11339365;-0.226679454
148;2;1.24956177;1.072091027;0.151978819;-1.92959124;-0.836393206
149;1;1.560556634;-0.123194681;-1.1345862;-0.122086022;0.382883597
150;2;-4.13891922;1.26965491;-0.763836886;0.151230365;-2.101129266
151;1;0.431137664;-0.900347729;-1.567627217;-0.23128019;0.998343486
152;2;1.925061642;0.711471392;0.164080184;-0.640355595;0.788152562
153;3;2.272336664;1.680447823;0.235557641;0.60349633;0.512010639
154;1;-0.495758055;-1.337645974;-0.906366889;-0.129659942;-1.019594245
155;1;-2.966258288;-3.186104874;-0.278747994;-0.549945494;-0.929446624
156;3;-1.130131423;-0.444971754;2.130775138;0.709710075;0.779875181
157;3;1.993257561;0.588924007;-0.32407068;1.135440865;0.088672885
158;2;-3.747452468;0.07815144;-0.764668479;0.11956021;-2.754146313
159;2;1.235678669;-0.270982018;0.366956727;-1.280035009;-1.04722273
160;3;1.93476801;0.374578939;0.648578619;-0.768787414;0.05069297
161;2;-1.010389683;-0.222792464;0.414579092;-0.972480997;-2.60553551
162;3;1.445832142;2.378531597;-0.155014188;1.092916687;0.520581932
163;3;-2.750738951;1.430619151;0.959896862;-0.797425391;0.528145648
164;2;0.298343165;-0.800309983;-0.295518926;0.249184464;-0.202857753
165;3;-4.074967466;1.517240392;-0.083336523;-1.535133509;1.900136081
166;2;1.910538589;-0.174819841;-0.605788107;0.552365949;1.376108363
167;2;-3.057119992;0.164473302;-1.387302574;0.594348477;-0.498021122
168;2;0.400612643;1.078630575;-0.802287862;0.536585912;-0.20400175
169;1;-2.534771325;-0.90093443;-0.88477526;-1.108979403;-0.293956631
170;3;3.986908148;0.12514148;-0.030951275;-1.557496537;-1.365754362
171;2;1.903313321;-1.082327193;0.76994268;0.65833649;0.889338184
172;2;2.999969928;0.339546229;-0.210233274;-0.786975354;1.059659811
173;2;2.316898019;0.257960311;-0.865655548;-2.012420285;-0.089962274
174;2;0.807602669;0.191609455;-2.039386601;1.807361674;0.399180221
175;1;-1.748616677;-2.277819206;0.312388067;-1.394671345;0.803617321
176;2;1.576145714;0.099792434;-1.013207935;0.901000761;0.04360354
177;3;5.627557954;0.937739695;0.386669227;-1.322896582;-2.525532605
178;2;1.008608295;-0.854385553;0.964041208;1.074957805;0.520950352
179;2;-1.744057633;0.283643887;0.445873436;2.043946745;-0.015578825
180;2;4.201957437;0.93051157;-0.664347213;-2.870985785;-0.34488767
181;3;-0.43371138;0.168538377;1.301741706;-1.180349089;-0.40693896
182;2;0.799648311;1.05105499;-1.587494988;2.090856962;0.84298752
183;3;3.384169377;2.400399966;0.420158652;0.379924267;-0.817046779
184;3;-1.049087757;1.221520493;0.243562766;-1.089378693;0.631008297
185;2;2.673780548;0.982330871;-0.324233608;-0.64075172;-0.457896307
186;3;0.48137175;-0.792227334;0.1706439;-1.198770027;-0.386806956
187;3;-0.559652846;0.277323115;0.642932659;0.692908098;1.003967931
188;1;0.968723495;-2.326702967;-0.210423623;-0.335533874;0.083268089
189;3;-2.172193085;1.596470071;0.087631824;-0.81403946;0.579253143
190;3;2.220106493;0.656343073;0.164853529;-0.704121701;-1.151419879
191;3;3.15387088;-0.403929694;0.311693648;-0.517920733;-1.017290484
192;2;3.792441156;0.885127011;-1.327298291;-1.280281389;0.264165216
193;2;1.335916285;-0.605650548;0.70829013;-0.568959104;0.684454179
194;2;2.221848494;-0.34157976;-0.941875599;-1.109554587;0.121702119
195;3;3.689572379;0.752354533;0.37436027;0.744510397;-0.612515443
196;2;0.313267469;-2.040356668;0.132884601;-0.79767554;-1.581280097
197;2;2.454319937;1.3001294;-0.657817429;-1.089224796;0.383570652
198;3;3.170635844;0.420616694;0.514485449;0.268368736;-0.060249257
199;1;-1.627900535;-0.006761992;0.14653849;-1.430604417;0.544383965
200;2;-1.05117293;1.846520849;0.273806803;1.223091788;0.689304517
201;2;4.663272383;0.720270651;-1.97235126;-0.2305789;0.910496185
202;2;2.37965638;-0.337124293;0.722921708;-1.065057298;0.238024245
203;2;-1.589036244;-0.282850868;0.265241029;0.444288985;-1.622728253
204;3;-0.567009336;0.814952419;-0.188612041;-0.790348824;0.72518961
205;2;-0.066526448;0.421072249;0.439593245;1.349218159;0.048556849
206;2;-1.846728033;0.539411311;0.109756583;0.04330585;-0.943118473
207;3;5.322079635;-1.845994403;2.989028193;0.099682635;-0.961459403
208;2;0.390660384;-0.499640405;0.296346425;-1.350291442;-1.176651214
209;2;-1.050525137;0.418777774;0.488644519;1.060188543;-0.199771864
210;1;3.202421843;0.743866095;-1.9243901;1.184316888;-0.28106627
211;2;3.554819775;-0.189093729;-0.041572975;-0.535639574;-0.804177461
212;2;2.795869021;-0.474361967;-0.380842376;-1.203675482;0.646815742
213;2;-0.187764028;1.681850889;-0.753130825;0.692215158;0.483080782
214;2;-0.193534906;0.512562402;-0.15712902;-1.604191637;-1.533166828
215;1;2.676725014;-1.190700481;-1.003256265;0.561822594;1.178637963
216;3;-2.247869516;-0.390474715;1.85431458;-0.346046384;1.102042202
217;2;-1.897133569;-0.433336812;1.014221457;1.464804372;0.490971702
218;3;2.752126844;-0.215624966;1.444047114;-0.233892924;-0.486406748
219;3;-1.056102338;-0.022290325;1.836002428;-0.517787984;0.364851718
220;1;0.059906834;-0.255184957;-0.773779485;-0.170846333;0.053564187
221;3;0.40832303;0.70774668;0.261461568;0.998822018;1.01434379
222;1;2.696656703;-0.211951235;-1.359254374;0.159900979;1.159918446
223;2;0.933620215;1.073513612;0.185194416;0.909636407;-0.928770593
224;2;1.617407929;-0.483742629;-0.219770454;0.089774732;0.888377516
225;2;-0.608995237;1.995224793;-1.920599241;-0.360874113;-0.398522639
226;3;0.869610358;-1.024984759;2.193944706;0.43940958;0.564669686
227;3;-1.85521651;1.878217866;0.402196969;-0.508719871;0.730472529
228;2;-1.814174746;-0.143529504;-0.842156874;-1.007614041;-2.140684105
229;2;3.84201325;-0.888669581;0.781465224;-1.152880872;0.492940763
230;1;-1.369030059;-3.121195821;0.421446712;-0.168318098;-0.841918368
231;3;3.059015033;3.391612605;-1.018309243;2.423792271;-0.147462925
232;2;3.592437295;0.96091046;-1.495787321;-0.358307105;1.318236858
233;2;2.278612539;-0.362412107;0.32094833;-0.351075912;0.172516978
234;3;-0.672225315;0.751978268;0.728520323;0.309737477;0.818082327
235;2;0.734093672;-0.943297732;-0.218038096;-1.699129628;-1.312241009
236;2;1.021281351;0.247264885;-0.147720619;0.707316047;0.26130162
237;2;-0.404614267;-0.561552392;0.557108923;1.774802557;0.897309102
238;2;0.365506117;-0.891238617;-0.163940449;1.641703623;-0.153640169
239;2;-0.167766257;-0.614122869;-0.847255862;-1.825557101;-1.305516014
240;3;0.502258966;0.209550276;0.007440653;-0.121514288;0.745144288
241;3;2.683634344;1.335214379;-0.111138497;0.623790251;-0.026272396
242;1;1.848080772;-1.309361786;-0.391924438;1.762505877;-0.341607085
243;2;1.202675981;-0.08919544;-1.237852497;0.042326047;-0.366003886
244;1;0.341549415;-0.704608648;-0.816520422;-0.686442743;0.545660172
245;2;0.41275299;-0.609108209;-0.267691227;-0.926687471;-0.797079952
246;2;-1.011678656;-0.010824707;0.164860441;-0.934213018;-0.619042816
247;1;8.246484767;-1.28566951;-1.494623615;2.118873382;1.184321714
248;1;4.273015642;0.445640392;-1.495194965;0.801477924;1.984906596
249;3;3.72935803;1.153836553;0.563388467;1.413293084;0.03592695
250;2;0.003567455;0.260429749;-0.758709046;-0.75391729;-0.978520101
251;3;-1.920742751;1.003178487;0.322735964;-1.636762017;0.115143398
252;2;-1.588089578;-0.160662272;0.014578014;1.570114621;-1.01478111
253;2;1.690543916;-0.410192921;0.067847818;0.217134968;-0.31064106
254;1;-0.276152998;-1.214004267;-1.137234398;-0.685732194;1.084658096
255;3;-1.583066121;2.665482713;-0.033461838;0.153043472;1.347184973
256;2;0.916489466;1.898238191;-0.71411812;2.17426628;1.910855536
257;2;5.181643259;-0.182178805;-0.705853645;0.273683149;2.22174462
258;2;2.37664384;1.387042571;0.16153772;0.901407902;1.195140076
259;1;0.286467014;-0.853528544;-1.04396503;0.806516628;-1.212633447
260;2;3.203349143;1.653044983;-0.619200965;0.488253764;1.78287137
261;2;-1.44378047;0.227320507;0.299637238;0.779780401;-0.230239689
262;2;-0.743004715;-1.279329243;-0.339189967;1.24538564;0.045771062
263;2;3.138573893;1.256404778;-1.299362285;-0.714813694;1.365295234
264;2;-1.846557734;1.047577203;-2.042361713;-0.114095301;0.166488372
265;3;-0.230269413;0.826145842;-0.163091957;-0.904484938;1.067745184
266;2;-0.035661695;0.670733451;0.460569578;1.44798573;0.829974999
267;2;3.542610627;0.817747519;-0.635179121;-0.431347116;1.024070335
268;2;-0.742927593;0.622426805;-0.439834976;-0.162732653;-0.283704433
269;2;1.396085497;1.0707751;0.645408027;1.137111548;1.236976172
270;2;0.084223794;-1.114384556;0.29821665;0.483528561;-0.048636373
271;2;0.755248498;-1.894721469;1.515976791;1.538254669;0.697791383
272;3;2.570027802;2.404224599;0.391474915;0.318672594;0.184062773
273;1;0.439668662;-0.483467122;-0.676500424;0.552195555;-0.991952364
274;2;2.241540097;-0.805168641;-0.937453137;-0.534410262;-0.083115474
275;3;3.641970496;1.78730281;-0.515225476;1.359695212;-0.341866289
276;1;1.715945468;-0.606187094;-0.370370317;0.034862039;0.067970576
277;2;-0.590727935;-1.372109952;0.16626772;-0.171542726;-0.287590952
278;1;1.615373098;-1.119353362;-0.52430903;-0.802601697;-0.163139692
279;1;0.297166123;-2.743880646;-0.14133215;0.36315446;-0.515311354
280;2;-1.487041021;0.035757243;-1.006161514;1.257153743;1.388685126
281;3;5.41440706;1.552283698;-0.038612612;1.735586207;-0.935140134
282;2;0.298118702;-0.780710189;0.582687885;1.536478196;0.847445086
283;2;0.467915865;0.264859375;0.612871136;0.746044986;0.354083295
284;2;3.366341759;0.15608467;-0.716138353;-0.720326935;0.796641456
285;2;-1.535197761;0.448919494;0.081780911;1.436787841;-0.651705762
286;3;1.936568182;1.27980419;0.48940859;0.338338657;-0.01244992
287;1;0.607115985;-1.348223583;0.423653485;0.249290692;-1.625251956
288;1;1.157059713;-1.541413718;-0.66079812;0.713961983;-1.499787453
289;2;3.658915696;-0.797886164;-1.017812;0.226603698;0.774060086
290;2;0.764930091;-1.246985802;0.228714176;1.411475128;-0.283694702
291;2;3.747644445;-0.284146344;-0.635368391;-1.103835715;0.315214561
292;1;-0.11769229;-0.412729588;-0.420957931;0.443922647;-1.606011154
293;3;2.072186155;-1.680180132;1.253601947;-0.752522414;-0.553681595
294;2;2.39141592;0.38291133;-0.495855337;1.795832588;2.479208237
295;2;-1.746588049;-0.66804384;0.241757476;-0.019441315;-1.702498725
296;3;0.803173848;1.290488632;1.442933359;1.507493648;1.988056676
297;3;4.127950719;-0.142440399;1.183589538;1.513603297;-0.314623739
298;3;1.882730219;-1.429313451;1.722944312;0.340927247;-0.208949246
299;2;4.437269072;-1.692303176;-0.516795241;-0.769667601;0.926057494
300;3;3.083789934;0.456282784;1.053691325;0.713332561;-0.701446983
301;2;-2.296510679;0.761247177;-0.494259436;0.036162274;-1.98882211
302;3;2.861253465;-0.120052724;1.489401546;0.687506825;-0.750031504
303;2;0.792356642;-2.078459325;1.109512327;-0.108065533;-0.378761691
304;2;0.791885872;-1.046416089;0.971018048;-0.310086009;0.424744507
305;1;0.843860259;-1.026252507;0.46217855;0.702102326;-0.952964553
306;1;-2.161080171;-0.826280802;-2.769545241;-1.273207069;-0.038610455
307;3;1.7764827;0.343631933;-0.129810209;-0.482395868;0.029658119
308;2;-0.517923158;0.113321249;-0.445622904;0.957266459;-1.117702873
309;2;1.655694534;0.337052402;-1.404743399;-0.035554391;-0.848532277
310;2;0.877006445;-0.483439178;0.277071816;-0.088202059;-0.28539562
311;2;0.902734564;-0.39433233;1.550820648;0.65535577;-0.040140271
312;2;4.395373192;-1.058481242;1.5427986;-1.087167402;0.778021908
313;2;-3.13789566;0.491029697;0.00274393;-0.780349618;-1.599363032
314;2;0.997114191;0.045243907;0.101452538;-1.359901856;-0.15655913
315;2;-1.587075303;0.275425367;0.346456527;1.400002789;-0.844419925
316;2;1.495679902;0.722995172;0.412919934;0.830491769;1.298274888
317;2;5.057769641;-0.676251299;1.194872386;-2.136453638;0.86929264
318;2;3.540267589;0.74362484;-1.21440426;-1.470742963;-0.142351601
319;2;2.395724777;-0.090235435;0.144660909;0.597419598;0.054828541
320;2;0.155560302;-0.084952798;-0.563099112;0.07973293;0.265661842
321;3;-1.821090012;0.826840759;-0.224419789;-0.949516345;1.24929138
322;2;1.472510149;0.619395379;-1.129657211;0.113740915;1.001966895
323;3;1.622921216;-0.195951401;2.070954312;-1.087576013;-0.963437246
324;2;-1.010938365;0.169667494;-0.044453212;0.194554063;-0.687168694
325;1;0.554527961;-1.83725427;-0.55891993;-0.817743656;1.505788282
326;3;0.75544235;-1.151790366;0.723139094;-0.353191223;-0.006391879
327;2;2.451967584;-1.917563056;0.054159721;0.885009283;0.978314856
328;2;1.172188961;-0.773977267;0.645415212;0.005427818;-0.140446037
329;3;6.036632784;-0.183162885;0.333817485;1.097254924;-1.225246719
330;2;0.090114793;-0.172285564;-0.260108133;2.302864735;0.303465177
331;3;1.246250181;-0.280209769;0.927953664;0.316080531;0.291024889
332;2;-1.225967755;-0.262606345;-0.205534694;0.764412317;-0.545706146
333;3;-3.345045334;-0.392497196;0.329769766;-1.096479736;0.306287107
334;2;2.279621235;-0.159421174;-0.361447524;0.139730512;0.529471026
335;2;2.986986597;2.112396429;-1.273159714;-0.206460394;1.210431796
336;2;3.162783522;1.663776762;-0.328578378;-1.3184119;0.52781865
337;2;1.234858901;-0.064585364;-0.042091432;0.14629188;0.669940789
338;2;-1.593845134;-0.765659145;-0.51876772;0.634146078;-0.99024193
339;1;3.768580083;-0.517413595;-0.859578064;0.246530623;0.511487948
340;2;-1.965413456;0.255772825;0.478832936;-0.150955988;-0.61721342
341;3;-0.388325325;-0.220295878;-0.565311934;-0.288237375;1.216396552
342;3;-0.000445627;0.864610614;0.117829759;0.213319601;0.743416176
343;2;-1.561677383;0.892176675;-0.459274459;0.764265454;-1.60016095
344;3;2.115948777;1.081463501;0.732479981;-0.212757598;0.688326021
345;3;2.555077878;-0.304945496;0.527174802;-0.865981752;-0.885215343
346;3;-4.398246398;1.952691679;1.053771391;0.635099659;2.008821754
347;3;4.783085139;1.565321309;1.306642398;1.312727735;-0.247088747
348;1;3.982000034;-0.931978466;-0.833035998;1.574952446;-0.801669035
349;2;3.601711709;-0.255381177;-0.194265274;-0.739400307;-0.17191355
350;2;-0.557101646;-1.217234828;0.817749672;1.617389869;-0.291278367
351;2;2.046261908;-0.132121475;-0.693757019;-0.838074223;0.074979072
352;2;2.449272276;1.025357836;-0.468122459;-0.353352671;0.896117139
353;2;-1.18684131;0.666832062;-0.099972137;0.709971448;-0.477315694
354;2;-0.391216949;0.146397189;0.626985798;-0.341104508;-0.760956001
355;2;0.373046384;-0.996759242;1.450553582;0.169300731;-0.491318485
356;2;-1.070681514;0.22297484;-0.345534763;0.373771923;0.102233876
357;3;-0.915948417;-0.641094385;0.999280138;-0.998818027;-0.856296831
358;1;0.742075464;-1.292687661;-1.089955867;-0.66804454;1.419137791
359;2;-0.903247501;-0.304717334;0.480600527;0.611514522;-0.59163601
360;3;4.765110944;1.400899547;0.935836631;-0.575343422;-2.115941777
361;3;-2.978835136;0.192240083;0.524376177;-0.481210067;1.439137114
362;1;5.47655557;-1.913823716;-1.417410148;0.317553304;1.713052568
363;3;-4.840143388;1.584984094;0.202110285;-1.365329561;1.77013388
364;2;1.061277293;-1.680888874;1.552689303;0.066505782;0.356195071
365;2;0.585268275;-0.061351248;-1.070928658;-1.04110583;-0.535176287
366;1;1.71675644;-1.641711229;-0.961864985;0.114272427;0.514155115
367;1;-0.569929479;-2.224695708;-0.212707716;-0.403559191;-0.252424876
368;2;2.792798192;0.01879625;-0.043543915;-1.001960749;0.712242678
369;2;0.636868761;-1.288234989;0.803399814;1.417187256;-0.148091451
370;3;2.505851959;0.410319338;0.846269822;0.670177047;-0.127909228
371;2;2.153814186;-1.921442933;-0.311449185;-1.141534551;0.1295467
372;2;5.46250972;-1.151628392;1.261737529;-1.724026084;0.863412548
373;3;-2.16451002;0.43509429;-0.450751395;-0.772367943;0.984648561
374;1;-1.826603173;-1.537550475;-1.016304377;-0.408562149;-1.327479299
375;3;6.537635817;0.114431599;1.518595268;0.620022131;-1.11515694
376;1;7.424676915;-0.506783429;-0.033162575;2.439284919;-0.428864265
377;2;1.891650685;-0.616886471;-0.275281843;1.165086221;1.669486633
378;2;1.026984632;-1.16066516;0.645261965;-0.612571296;-0.25211409
379;2;2.951846543;1.028180127;-0.988110215;0.298713905;1.470267019
380;3;4.897157027;0.887694867;2.170848489;1.350350152;0.405479012
381;2;3.823691866;-0.745648878;-0.494254299;0.162583472;0.502596129
382;3;-2.088299608;-0.200023622;1.054480827;-0.3950901;0.342923667
383;2;4.608639311;1.127869551;-0.634886788;0.034861157;0.71888471
384;3;0.330921326;-0.5039855;1.999170445;0.205711226;0.126910472
385;2;-1.197109321;0.386448808;0.898186253;0.409784308;0.191518135
386;2;2.326665211;0.234894256;0.422248744;-0.380741242;0.657252918
387;3;1.063580415;0.253002519;0.718828035;-1.484376523;-0.673234755
388;2;-0.39348304;1.341774532;-1.344030142;0.1329685;-1.9863656
389;2;-0.385857608;0.483154395;-1.125536455;0.299976728;0.018070795
390;2;1.304252776;0.032159412;0.080958784;-0.048679163;0.514051375
391;3;1.791195346;-0.328767807;0.889063622;-0.330093552;0.474108013
392;3;4.581847759;0.790580171;1.008148876;0.208173843;-1.049534995
393;2;-0.626225902;0.624673562;0.162991134;0.78405545;0.329958591
394;3;6.43442412;0.723549059;0.210427896;0.084894019;-0.90770956
395;1;2.637704906;-1.486310222;-2.32729851;1.181633097;-0.488003871
396;2;1.37077338;0.163614719;-0.393147248;0.420817411;-0.123339423
397;1;4.047510197;-0.520974782;0.855397496;1.999538052;1.909690886
398;2;1.437302428;-1.886386497;0.236523821;-0.289863524;-0.578945794
399;2;-2.056354533;-0.703459546;-0.519852697;1.220637919;-2.315071119
400;3;0.385590465;-0.224686559;0.376869575;-1.173599576;-0.143435702
401;3;-1.025929462;-0.403336878;1.063370436;-0.488589255;-0.599415264
402;2;1.575206642;-0.261100889;-0.33294046;-0.919996801;-0.31048548
403;1;-2.862246755;-0.114110908;-1.829654574;-1.612399527;-0.684650341
404;1;4.040253936;-0.500388809;-1.938892227;0.352913416;0.106317317
405;2;2.335868255;-0.172939831;0.592544058;-0.112079855;1.559093994
406;2;1.534289032;-0.242321056;0.405282416;0.683771739;0.37954086
407;2;2.167156551;-2.137827856;0.549842804;-0.769593338;0.893780013
408;3;5.020024646;1.255240762;0.010952542;0.875004612;-0.653285916
409;2;2.107845853;0.040240176;-0.806089146;-1.05768747;-0.465901848
410;3;-0.48359678;0.610524591;0.184270001;-0.737646962;0.270042816
411;3;-1.944718302;-0.575561186;1.581609329;-0.207248373;0.826915898
412;1;3.057937809;-0.489410832;-0.865446931;0.968776539;0.028221901
413;2;0.688521375;-0.577682678;1.226922932;-0.523599057;-0.275591725
414;2;0.141974006;0.476976926;0.289607677;-0.595763315;-0.523352721
415;2;1.113518477;-0.384874367;0.418654134;-0.59909296;0.035211493
416;2;0.97884373;1.058755445;-1.493343299;2.024001332;0.755878243
417;2;-2.020661472;-0.49022067;-0.112085915;-0.907549831;-1.867558372
418;3;2.43619248;-0.268542689;1.445652205;0.476800429;-0.067985858
419;2;0.162481633;-0.773709676;0.675308404;0.879684059;0.086492376
420;2;0.685751852;0.775199361;0.327164909;-0.170763024;-0.109918915
421;2;2.421005364;1.118220758;-1.84800906;-0.088668297;1.309092623
422;3;5.243434867;0.855384615;-0.061623889;-0.486443103;-2.334650198
423;3;-2.397899747;1.550060644;-0.410996704;-0.399644207;0.771881158
424;3;1.426557236;-0.096125513;2.013468003;0.26803899;-0.389740152
425;3;-0.299148516;-0.442026523;0.66780215;-1.052079223;0.295558809
426;3;-1.995427702;-0.888586512;1.903397269;-2.170572336;-0.093249819
427;2;-3.073255307;-1.422394985;0.181427357;1.080998926;-1.537481073
428;2;2.440630396;0.027608664;0.508973783;-0.075830407;1.149808776
429;2;-0.045952662;-0.230702622;-0.988407632;-1.033461529;-1.43570985
430;2;-1.066021314;1.379499729;-0.51452165;1.347119502;-0.048917548
431;2;0.527438943;-0.242574543;-0.277720957;1.014186861;0.004814914
432;3;2.023269664;-0.183587681;2.915029114;0.022821108;-0.58407103
433;3;-3.738357726;0.617324333;0.584035496;-0.33962271;2.247118401
434;2;-4.259073568;-0.535847268;-0.606762433;3.063175112;-0.610335451
435;3;2.700267139;0.20480729;0.515313487;0.356395098;0.117937569
436;3;0.756350819;-0.344420637;0.418854967;-0.864027045;0.403891361
437;1;2.680002807;-0.139424085;-1.324934918;0.490362589;1.775383844
438;1;0.760990747;-0.093062946;-1.971939626;-1.11648574;0.500210614
439;2;3.514852889;0.047429292;-0.055665473;-0.48532794;1.35482241
440;3;1.850449922;0.044662234;1.490462101;1.255652056;0.16195251
441;2;1.878149969;0.389193743;0.240988841;1.008416843;0.745418831
442;2;-0.016090215;-0.101847498;0.940861629;0.234688115;-0.013764072
443;3;0.918978973;0.192171747;0.990902547;0.31322746;0.153951837
444;3;3.812308549;-0.373311678;0.219665393;-0.011891188;-0.525075748
445;2;0.352872915;-0.667507274;0.740068018;-1.244999467;-0.527192675
446;2;0.091178847;0.598210687;-0.439042659;0.485474085;0.64547912
447;3;-1.378089491;-1.169256628;1.573301838;0.00971593;0.14896085
448;1;2.907639799;-0.474482452;-1.610368586;-0.017102241;0.970177218
449;2;-1.307259459;-0.68900878;0.102608025;-0.305977889;-0.921167715
450;3;6.353212038;0.848501983;2.063763329;1.86489355;-0.698062219
451;3;0.179995031;0.094101279;-1.169012641;0.834709033;0.362152716
452;3;4.550541437;-0.350942651;0.22505222;-0.222368683;-1.921570069
453;3;0.008634571;0.884803422;0.995882145;0.339007431;0.510132212
454;3;1.014432839;0.919753656;-0.124209062;-1.307933447;-1.570330678
455;3;2.650511262;-0.416167054;1.554709061;-0.159371097;-1.057846417
456;2;6.766722535;0.699366624;-2.032321836;-0.358203138;2.672342927
457;3;-1.911071946;0.929036056;1.38917108;-0.659338255;1.091935504
458;2;-1.191344607;-0.250424144;0.307264227;0.833517948;-0.568393623
459;3;-0.539834101;0.011999335;1.572646534;-1.639037007;-1.011132999
460;2;0.508690401;-0.614513768;0.401046181;1.075563652;0.280159488
461;2;-1.077259458;1.166161635;-1.220602057;-0.252218596;-2.547796958
462;2;-4.111222347;-0.165262254;-0.122684282;0.373967135;-1.787211351
463;1;0.51220694;-0.235786719;-2.757329843;-0.50790437;-1.564472527
464;1;2.384901262;0.002069806;-0.746859091;0.878088207;-0.474968991
465;2;2.631715929;-1.453269526;0.829664604;-1.059560207;0.147216924
466;2;1.078828263;-0.238847266;0.796347553;1.635473527;0.678656226
467;3;1.843839935;1.58191498;0.256653576;-2.085404827;-1.216393678
468;2;0.10458454;-0.710449943;-0.386080871;0.860353297;1.135019326
469;3;2.85550949;1.117690925;-0.093291107;-0.326906048;-0.29644609
470;2;-0.585261774;0.512459631;-0.564983355;1.832166163;0.313642336
471;2;-0.142481111;0.779657262;-0.317833906;0.58136376;-0.01933425
472;3;0.547104356;1.158585005;-0.168473616;-0.349073326;-0.367965409
473;2;1.47454287;0.783415346;-0.872261277;1.359711008;0.223341535
474;2;3.268037127;0.318960494;0.471257608;-0.849261569;0.401458146
475;2;3.169933983;-1.019930631;-0.583905177;0.608422646;0.671028926
476;2;-1.779286719;0.734569658;-0.121244343;0.48219448;-0.665395886
477;2;1.790711609;0.66562157;-1.121378707;-0.857025641;-0.521879289
478;2;2.36481902;-0.663337495;-0.163037553;0.156381201;0.421814174
479;1;2.809582852;-1.759164228;-1.184353854;0.712550734;0.039718034
480;1;4.043746637;-1.222033686;0.547522695;1.446539075;-0.740976319
481;3;2.777346555;0.775696861;0.154110038;0.523770265;0.257966994
482;2;-2.586166107;0.006010456;0.379923123;0.981306398;-0.939604882
483;2;-1.020251953;-1.213225977;-0.046842701;2.565509339;1.340020687
484;2;-1.392999924;-0.71045127;0.163742491;-1.173707372;-2.237330486
485;2;2.110054803;-0.336647158;-0.284423669;0.913110785;1.45719552
486;2;1.941489775;-0.262322061;-0.513231677;0.576689327;0.894499819
487;3;-0.37738393;0.799694714;1.516284641;-1.058725814;0.188739525
488;2;2.421086472;-1.077228634;0.770746333;0.341386765;0.636500982
489;3;2.5780119;0.543535561;1.006162399;-0.752730713;-1.597143187
490;2;-0.747789868;-0.502506553;1.253355711;-0.141524463;-0.739961036
491;1;3.698077337;0.024010701;-0.960072865;1.23888366;1.069683887
492;2;1.510028598;-0.986807948;-0.002012518;0.231523843;0.304294441
493;3;0.946160686;1.352588685;0.149381129;-0.266585234;0.455965303
494;2;-2.852540545;-0.536565897;0.870559821;1.226567685;-1.598987924
495;2;0.029174879;-0.214291952;-0.629114905;0.432862902;0.201897034
496;3;0.732511997;2.171929655;0.399758485;-0.524037882;0.45955298
497;3;1.990937216;-0.931452714;0.915035227;-0.371106256;-0.530328666
498;2;2.570645494;0.466663183;-0.250238606;-1.424306208;-1.396910768
499;3;-0.640570358;0.74129709;0.498606106;-0.890496653;-0.842786034
500;3;-0.309237993;-0.498991489;1.198138133;-0.685836819;0.223327529
501;3;-1.335808519;1.081240993;1.376893626;-0.816831326;0.073302299
502;1;2.786486817;-1.370386086;-0.198569432;1.528055989;-0.156628437
503;2;-2.026367674;0.680148426;-1.292270246;0.049603631;-1.488118632
504;1;1.760115074;0.156042042;-0.608649281;-0.481649074;0.904284996
505;2;0.077442699;0.806503322;-0.220628322;0.630989615;-0.023608226
506;2;2.076302679;-0.835721431;0.158151895;1.1400258;1.540734529
507;3;2.313151242;2.336045101;-0.844208523;-0.168193651;0.326650153
508;3;2.075261454;-0.483764533;0.103720339;0.822084731;-0.048786894
509;3;-4.669608481;1.327645509;1.647281503;-1.034626466;0.461099051
510;2;6.939085371;-0.991739181;0.175997455;-2.55553596;1.861240973
511;3;0.670073272;0.648574922;0.802711386;1.264301355;1.695162978
512;2;-0.551403075;-1.051340766;0.699911851;0.055602013;-0.524874036
513;3;-1.654269187;1.999252314;1.225938479;-0.546222661;1.336091282
514;2;2.526792103;-1.059555915;-0.722407385;-0.599562836;-0.258835836
515;2;-3.475577326;0.093226609;1.077715842;0.206743719;-1.63710421
516;2;-0.619969912;-1.352463851;0.286528761;1.072519218;0.156604431
517;2;4.619621782;0.330297361;-1.631862803;0.139478747;1.574863483
518;3;2.742222897;1.239094176;0.917487442;-0.26155477;-0.215956594
519;2;3.963662575;0.883182481;0.523533887;-0.296358016;1.549259431
520;3;1.30680716;1.151793478;0.442870051;-0.005388152;0.056988208
521;3;0.225616464;0.870806794;1.919056915;0.449073569;0.954652373
522;2;2.527060237;0.033678197;0.371522823;0.390841353;1.957404314
523;2;-0.684683132;-0.689630096;2.275315007;0.585616205;-0.07332119
524;2;-0.316395761;-0.377419114;-1.038905182;-0.233456116;-0.7688402
525;3;3.416933932;1.483092727;-0.254456408;-0.205282956;-1.076711496
526;3;-1.105411423;-0.504435946;1.093121994;-0.687762529;0.793568578
527;2;2.617664487;-0.811300015;-0.24641026;-0.062379462;-0.421875621
528;2;1.144106505;0.213664169;-1.514621039;1.568226215;1.262812377
529;3;-0.386685139;-0.698532209;1.208006479;-1.964428951;0.024582314
530;3;2.607310423;-0.866044822;1.071489957;0.192797941;0.085580896
531;1;-2.260343557;-2.443973096;-0.215161727;0.490288503;-1.543329794
532;2;0.714251028;-0.717608017;-0.280390696;0.086817811;0.321911976
533;2;-2.049335513;-1.16823547;-0.246427696;1.939537118;-0.796809015
534;2;4.559555061;-0.680067143;-0.239708515;-1.55291002;1.739331734
535;3;1.475361496;-0.63427373;-0.15553673;0.326775889;0.391858268
536;2;1.465093109;0.066882263;0.392846889;-0.156848767;0.995454234
537;3;4.35356921;-1.001409825;1.069983359;-0.341841374;-1.229742436
538;2;-3.668578611;0.219133546;-0.062021145;1.337046233;-0.707009986
539;2;0.692780838;1.039562434;-0.52663606;0.340847066;-0.085142576
540;2;-0.073120772;-0.817329888;-0.174947003;-0.65798017;0.305025608
541;1;5.200950905;-0.701845382;-1.402887288;0.623045757;1.354517342
542;1;-0.044273927;-0.566199001;-1.084181205;-0.992231136;0.963832807
543;2;4.700655282;-1.386429788;-0.116121692;-0.501752375;1.944815853
544;1;0.011271772;0.943324803;-2.392099876;0.59766524;-0.62569503
545;1;0.33019954;-1.067865973;-0.793680483;-0.491161518;-0.336312357
546;2;3.877848576;-0.174188017;0.445418454;0.588523216;1.131394681
547;2;2.139439965;-0.166799097;-0.666744513;0.468209113;0.509862809
548;1;2.28035382;-0.980019884;-0.794393417;0.851958513;0.087593693
549;2;0.048574346;-0.109692214;-0.022967152;0.29599407;0.289990202
550;2;1.985258331;-0.398848988;0.148066074;-0.307549245;-0.550600651
551;2;0.410843899;-1.509259291;0.259031136;1.758796293;1.405625514
552;3;-0.068426525;1.340115325;-0.677776805;-0.835727325;-0.392077844
553;2;3.639981677;-1.000323536;0.151368583;1.310072729;2.416916987
554;3;3.72545607;-0.396541553;1.084189208;-0.083973456;-1.377176669
555;2;0.748543702;-0.143082387;-0.572122126;1.769908265;-0.20090291
556;2;0.823270707;0.367332401;-0.025458514;0.687973172;0.262530941
557;2;-1.609345371;0.412166193;0.922739613;0.009353964;-1.303596455
558;2;0.245180722;0.768261622;0.935158852;-0.936164697;-0.46450221
559;3;3.90919413;2.631034158;0.079367427;0.279286897;-1.380867081
560;2;3.585032388;-0.445057891;-0.543025497;-0.608807854;-0.159425433
561;1;0.600644308;-1.753823805;-1.465460989;-0.413781921;-0.315781415
562;2;-1.961873866;0.056626117;-0.254184456;1.055459878;-2.151223774
563;2;-1.170388547;0.558400265;-0.409844635;0.732767998;-0.890146803
564;2;2.337587241;0.3561402;0.102320264;-0.432185863;1.903820515
565;3;-0.606719271;-0.18015295;0.559207742;-0.917436075;0.666120023
566;2;-0.706123158;0.614362468;-2.071796687;-0.663755461;-2.609602786
567;2;2.979389897;-2.177667878;1.731821357;0.166027507;0.521894883
568;2;0.04104821;0.317719025;-0.009039357;-0.958471157;-1.379694693
569;1;0.763839061;-1.119061857;-1.029811589;-0.301039905;-0.129335579
570;2;-0.529854077;0.620900228;-0.025021213;0.478605412;0.049069408
571;3;4.4643044;0.930619137;0.348493424;0.702476752;-0.3984361
572;3;2.386528724;0.407107369;1.648185055;0.032511945;-0.353615822
573;2;1.649560992;-0.736072358;-0.650699882;-0.625252888;-1.330644727
574;2;3.626505902;-1.039168683;0.437371309;-0.936276156;0.206603849
575;2;0.880307854;0.139322922;-1.317818142;-0.678286363;0.79349308
576;2;3.641298273;-0.966855889;-1.031042567;-1.966854157;-0.556317214
577;1;0.995882643;-1.490550235;-0.212480603;0.681779258;-0.485380742
578;3;2.122252732;1.101681795;0.705132911;-0.300834028;0.430773514
579;2;3.122620956;-0.705492858;-0.790938513;-1.082672432;0.043314145
580;2;1.676082074;-1.212110511;0.099039239;0.274748527;-0.1123005
581;3;0.699865651;0.822069313;0.680987969;-0.131378254;0.011041844
582;2;1.348806687;-0.322726071;0.239625637;1.142893499;1.183794465
583;2;4.510919177;-1.155472643;0.770961442;-2.009637704;0.768402376
584;2;6.456811988;-0.387036315;-0.288582127;-0.325372087;1.708793289
585;2;1.075723581;0.938969821;-1.22577831;-0.620948154;-0.889598506
586;2;0.666198744;0.00053606;-0.013645897;1.198830463;0.399070322
587;3;1.456298338;-1.324655347;1.620459953;-0.378407005;-0.709624836
588;2;5.551520629;-0.742986341;-0.440294626;-0.712313905;1.512538084
589;3;-1.493457137;-0.510198395;0.59651219;0.196525355;1.455804146
590;2;-2.393936394;0.678983407;-0.038961321;-0.148905781;-1.699409172
591;2;0.036441656;0.132178072;0.213945224;-0.003356936;-0.487607489
592;3;3.445253622;-0.455335883;0.37105493;1.747508296;-0.336135606
593;3;0.858421582;0.366306783;1.404888336;-0.518305926;-0.605722157
594;1;-0.005317146;0.025858708;-2.50269941;-0.416210773;0.117870107
595;1;1.17738877;-0.216864115;-1.058464577;0.005659417;0.842146628
596;2;0.364404018;0.078315664;-0.673874943;-0.788178399;-0.334393072
597;2;3.452125317;-1.347944396;-0.088836952;0.163048121;1.136206036
598;2;4.504964616;0.131902881;0.254922219;-1.110249404;0.979799732
599;2;4.890108207;0.899428103;-1.591727188;-2.202276718;2.0832829
600;2;-0.921386132;-0.094283482;-0.234729218;-0.278246129;-1.321704113
601;1;1.259879772;-0.734440161;-0.791664558;0.564231125;-0.582640482
602;2;2.126570134;-0.467070958;-0.733213545;0.593626453;0.14814756
603;2;2.959735377;0.799937473;0.243577877;0.685661581;1.79364608
604;2;-0.308792096;-0.155787104;-0.808816762;-1.111443374;-1.475328351
605;3;4.090497333;-1.181853389;1.403819875;1.062572717;-0.826482522
606;3;0.264753546;0.445129358;1.21135073;0.506185201;-0.270863866
607;2;2.497418809;-0.682015384;0.768878159;-0.696569561;-0.01674954
608;2;-0.379057959;0.000724441;-1.861903951;0.446634264;-0.248211909
609;2;0.457175922;-2.3309962;0.885249507;1.050431977;0.500936287
610;1;-0.162337078;-1.2817102;-1.037716304;-0.139992598;-0.014061007
611;2;-0.932420966;-1.17877701;0.177160275;0.260102905;-1.576361591
612;2;0.484975375;2.190056884;-0.974874514;0.603603027;-0.733786844
613;3;1.322235646;0.074034159;2.246959282;-0.178890394;-0.363377834
614;3;1.51165369;0.494124912;1.371333722;-0.173992779;-0.401642706
615;3;-2.252782781;0.474034413;1.17695573;-0.117276936;1.044727087
616;2;-1.352703507;-1.934553096;-0.299776171;0.641995534;-0.371919825
617;2;0.18207635;0.273607551;-0.070612102;-0.603837832;-1.116299478
618;2;2.82654214;0.570106086;-0.226346347;-1.114815521;1.494108295
619;2;-0.756751176;-0.368145215;-0.486101425;-0.286486195;-1.361455626
620;2;-1.946580521;-0.367003771;1.51490818;-0.292619134;-2.026393867
621;2;-0.961996465;-0.019034104;0.885821027;0.979947241;0.11069279
622;2;0.531556748;-1.208835337;0.114443173;-0.416497123;-1.027798854
623;2;-1.650076891;1.183206708;0.155023426;-0.757304039;-0.857966353
624;3;-2.136795207;-0.145316181;0.701999887;-1.099880027;0.906928331
625;3;-3.190343982;1.369615002;0.89618991;-1.590599821;0.699633438
626;3;0.40560826;0.38992027;2.749972939;1.136902638;0.550840839
627;3;4.021032911;0.58932904;1.311235474;-0.040723978;-1.473703541
628;3;5.374896646;-1.161898744;1.843421243;0.460548314;-0.537311888
629;2;0.717575585;-0.799444547;-0.462841561;0.198520963;-1.329751313
630;1;5.267873404;-0.237207951;-2.082756831;1.18427029;1.328247853
631;2;0.110814578;-0.194004413;-0.452408622;0.420830275;0.015697232
632;2;4.517241056;0.553642953;0.275652903;0.589446034;0.936716717
633;3;2.862525918;0.162331011;2.594235721;1.617682705;0.552122737
634;2;-3.918009485;-0.520162074;0.019850853;0.779937498;-2.337641088
635;1;4.316162956;-0.83657922;-0.415532235;1.977179301;-0.347117728
636;3;-2.524427765;1.966891424;1.630099674;-0.250294947;0.768474108
637;2;3.087009095;-1.352402199;0.673119236;0.068620604;1.572120977
638;1;1.698323802;0.24372191;-1.926938132;0.78912241;-0.298157603
639;1;3.350750491;-0.343119173;-1.802526159;1.353045591;-0.593048723
640;2;1.407266846;-0.360399229;-0.418865768;-1.336303077;0.130211374
641;2;0.641674858;-0.922116444;0.93129054;0.436969946;-0.01966928
642;2;-1.352280962;-1.386997041;-0.029356552;0.232361883;-0.979047249
643;3;-6.60071223;-0.756132969;2.444284083;-1.549481825;1.804647651
644;2;5.011809698;0.030769585;-0.315413268;-0.71908335;2.824562289
645;2;-1.319805802;-0.262315351;0.65216178;0.811718561;-1.097690886
646;2;1.249639754;-1.318124371;0.59907115;0.389562811;-0.032125849
647;2;-1.530052992;-0.84512708;0.460106673;-0.187390995;-1.65156657
648;2;1.41832957;-0.556579547;-0.19672784;-0.715035218;-0.268576814
649;3;1.77600192;1.267775459;-0.45256752;0.003943357;-0.477422815
650;2;0.873937084;-0.753983684;0.72038486;-1.288034533;-0.352350525
651;2;3.812648465;-0.286021914;0.488830869;0.411605517;2.348152419
652;2;1.763364459;-0.841281986;-0.162194171;-0.084636196;0.821037886
653;2;1.205929458;0.137531595;1.776859386;0.504104892;1.035056111
654;2;-1.89875675;1.056843076;0.393543461;-0.531082347;-2.232973443
655;3;3.785012737;-0.384375129;1.153173458;0.913001344;-0.488569623
656;3;4.254890905;2.240583229;-0.009786029;0.163738981;-0.989163055
657;2;4.231511226;-0.737964414;-0.362625528;-0.207032197;0.361026903
658;1;1.528238891;1.007526512;-1.921446608;0.489988946;0.1769647
659;3;2.546894765;1.243674676;0.574933132;0.76216248;0.531927947
660;1;-1.618540584;-1.267968399;-1.193965183;-0.345792932;-2.014153599
661;2;0.734400898;-0.449643911;-1.022972464;0.11643711;0.15603816
662;3;1.449333746;-1.441717546;3.18761067;-0.31045254;-0.578680007
663;1;-4.651046407;-0.720165781;-0.849179907;-1.521948132;-0.163249837
664;3;-0.922996194;0.624455716;1.277790726;-0.192525227;1.450995575
665;1;0.822542765;-0.43164833;-1.292162983;-0.56914057;0.710021525
666;3;3.829230613;0.392183498;1.006279268;-0.383856206;-1.653749126
667;3;-1.781368283;1.814876343;0.017716799;-0.451006476;1.059105902
668;3;-0.493426711;-0.284379056;0.565290827;-0.650382061;-1.114418912
669;2;-2.605775263;0.631974477;-0.002131927;0.273304671;-1.669315267
670;2;3.160475132;0.543138501;-0.123128155;0.712312783;0.968468697
671;3;0.022783177;0.181057363;1.605400389;-1.221911381;-0.13075279
672;3;0.064909446;0.750833816;-0.352263167;0.664630391;1.331963868
673;2;-3.488938624;2.70E-05;-1.006759853;-0.538354505;-2.118488246
674;2;2.547127879;0.022553686;-0.123201182;-0.195112175;0.959357516
675;3;2.151511378;-0.478768276;0.406961398;2.095860051;0.704869621
676;3;9.43849141;1.384465369;1.179561806;1.920405102;-2.767483323
677;2;-0.10064754;0.89100898;-0.92374649;0.543114346;0.271413042
678;3;2.337464259;1.49306996;-0.464321079;2.45692332;1.843778685
679;2;0.582105719;0.664553725;-0.993470827;0.311444474;1.155424113
680;3;0.470625033;1.151469825;0.700783154;1.128075509;0.568519044
681;3;0.928377245;-0.221448086;0.547875429;-0.607540372;0.069939242
682;2;0.026696058;-0.465629532;0.146756296;0.478338505;-0.595632472
683;2;3.860701107;1.461583934;-1.744381656;-1.392716899;0.148775283
684;3;-6.127694883;0.597184123;0.252725289;-1.951547587;2.032762577
685;3;1.90432196;1.03351558;-0.435702241;0.516679927;0.661277547
686;2;5.928960702;-0.321573727;-0.275982791;-1.898507623;1.175258906
687;1;1.313541634;-0.370101409;-1.108327769;-0.16274714;0.651343708
688;2;2.409889901;0.180304301;-0.2143981;-0.448609031;0.539265842
689;2;-1.049414413;0.449639508;-0.976475206;0.436613255;-1.423564187
690;2;2.050712287;-0.082117769;-0.355608654;-0.355104463;-0.607326677
691;2;0.540690396;0.832683645;0.049331831;-0.714359959;-1.10445132
692;2;3.845426503;-0.0854554;-0.584838688;-1.277692721;0.396735403
693;2;-0.040945191;0.028223468;-0.273339022;-0.099578743;-1.633114458
694;2;-4.39357877;-0.231723457;0.751785762;1.414731236;-1.572077329
695;3;-0.778133225;0.097347493;0.712692117;-0.251898434;0.242360613
696;1;0.108619373;-1.07074346;-1.316054383;-0.401721345;0.07271753
697;2;0.956521844;0.994011394;0.013777912;-0.783531182;-0.946728977
698;2;-0.454499316;-1.227526589;0.479590023;0.531532401;-0.871895781
699;2;1.370236373;0.43257178;-1.296761651;-0.881577303;-0.45216724
700;2;-2.278282936;-0.117702959;-0.200518462;1.844130683;-0.233366147
701;2;-3.158854413;0.736247505;0.290076713;2.089783553;-0.203729386
702;3;0.360969804;0.381563472;0.661214407;0.257247278;-0.797856761
703;2;-0.672449626;-0.040781843;-0.42877083;-1.064645481;-0.574083751
704;2;3.992880429;-0.581138047;-0.98407562;0.093234873;1.204089288
705;3;6.166077671;-0.104803561;0.140462242;1.312362518;-1.470021203
706;2;-0.811695176;0.82041817;-1.364296411;2.100719531;0.882214414
707;3;-0.137082081;0.354427379;1.527931532;-0.335597558;0.123067028
708;1;-0.26656086;-1.792536616;-0.577036693;0.182983445;-1.589869009
709;2;-0.04209572;1.02026248;-0.502643808;1.129732601;0.331898841
710;3;0.07289725;-0.000633261;-0.018515733;-0.398834723;1.0763775
711;3;1.182592304;1.973492894;0.353702119;0.788549409;0.468373947
712;2;-0.94613729;1.113360179;-0.841355857;-2.324200987;-1.941760793
713;2;-0.895667756;-0.302337995;0.523831655;1.702303117;-0.24008544
714;3;5.227976254;-1.275664962;-0.171294195;0.426873201;-0.743616912
715;3;1.436900342;1.042548313;-0.07638068;0.757447504;0.591185045
716;3;4.20221563;-0.486740441;1.475591058;0.534787791;-0.392464163
717;3;1.836363368;1.453282952;1.901364239;0.396388412;-0.111584852
718;2;3.885770211;0.094905013;-0.712404573;0.185101487;0.540660816
719;2;3.898862431;1.301512008;0.482086612;0.254918283;1.873563312
720;1;0.18486725;-1.155790999;-1.62554622;-0.797312914;-0.298152428
721;3;2.149172789;1.818679248;0.22764162;0.028876952;-0.108211854
722;3;1.840612459;1.636548963;0.650226351;-1.187627472;-2.325524354
723;2;-2.552860987;-0.083016696;0.193528637;0.438200176;-0.856117073
724;2;3.35679292;-0.325905725;-0.379581924;-0.067067739;0.69342179
725;3;1.175551565;1.289428635;0.329503069;-0.025103628;-0.904455579
726;3;4.27145734;1.44569777;0.731512691;-0.534199737;-1.491435024
727;2;-0.375810105;1.134720813;-0.665640774;0.91281851;-0.609715783
728;1;3.032373992;-1.173411816;-1.107518005;-0.103365827;2.646159889
729;2;-1.123239829;0.52303387;-1.059035649;0.25099179;-1.238563548
730;2;1.184143102;0.272261303;-1.13661519;0.91086337;-0.100868643
731;1;-0.218018652;0.778187504;-1.191284789;0.00741587;-0.803498693
732;3;-0.398351566;0.673326383;2.450308226;-0.941428793;0.55311832
733;2;2.380960114;-1.632660298;-0.528746482;-1.083759593;-0.291662827
734;1;-1.318679509;-0.377096022;-2.429654255;0.017702098;-2.415468311
735;1;4.04824826;-1.141410171;-1.12777303;0.667548467;0.362949833
736;3;-2.670780084;0.747510485;0.303933566;-1.907614203;-0.474574194
737;3;-0.020944579;1.865147565;0.190200328;-0.857825695;0.244310546
738;3;1.640268793;-1.781438888;2.487253952;0.872044628;-0.564493392
739;3;0.776329244;0.219776931;0.256069265;-0.440146974;-0.07450894
740;1;2.078556701;-0.084115985;-1.799259078;-0.570854759;1.684346614
741;2;-1.273208023;-0.399236724;-0.89717275;0.776993436;-0.785515799
742;3;6.013117945;0.334780506;0.980794124;0.683190032;-1.877890397
743;3;4.384027977;1.272557989;1.364424792;0.308678382;-1.741446082
744;2;1.087213426;0.421650258;-0.216601879;-0.41263464;-0.179602751
745;2;1.281459331;0.057385996;-1.713135933;-1.457764871;-0.214763426
746;2;-0.494699937;-1.468098902;-0.934513979;0.695318467;0.102899344
747;2;-1.078731813;1.585087193;-0.844456252;1.772684084;-0.71771445
748;2;4.182715336;-0.766981625;0.424690295;-1.345000474;1.498986247
749;1;4.169348091;-3.500582537;-0.449684492;0.483923859;1.740168007
750;3;-5.405167756;0.502979047;1.473049704;-0.803320179;1.635409105
751;2;0.797909461;-0.375609847;0.400016774;-0.591205663;-0.044131389
752;3;2.618472852;1.321616947;-0.608826;0.395403378;-0.011148684
753;2;-1.221052213;-0.991233788;0.751153707;-1.667293874;-1.705234699
754;2;1.262632397;-0.676306675;-0.151177734;0.519207422;-0.003373032
755;1;-0.119585435;-1.669589209;-1.194302812;-0.358842704;1.145603772
756;1;4.43892272;-2.935161679;-1.480128194;0.924481142;1.421678746
757;3;1.893376195;0.132245382;1.455900892;0.097447194;-0.087508667
758;2;1.937318397;-0.398063008;-0.353523768;-0.739202635;0.152997896
759;2;2.944465009;-0.152196352;-0.794257961;-1.531466875;-0.357029662
760;3;5.369754685;-0.835023231;1.514316825;1.218828773;-0.925028401
761;1;-1.865851937;-1.047044087;-0.19114234;-1.470222615;-0.092258087
762;3;1.000639894;-0.809167979;2.298294478;-0.969319299;-0.832402516
763;2;2.582297873;-0.075365362;-0.829440888;-0.353217263;0.689018161
764;1;0.498127069;-0.667236646;-0.25319629;0.60043954;0.21648638
765;3;7.635341867;0.43806595;0.754294863;0.981693817;-2.134003377
766;2;4.468860588;-0.515047422;-0.524480723;-1.680991883;2.353150181
767;3;-1.924980716;0.25868018;0.800707519;-1.556832593;0.075211502
768;2;0.572411785;-1.746673207;-0.317090898;0.688961788;0.687267901
769;3;1.345812711;0.663317289;1.999632186;0.883556927;0.215733463
770;2;1.792208367;0.023013899;-0.949192141;-0.494736029;-0.232074141
771;2;3.974872171;-0.217380456;0.702535427;-1.040678249;-0.245374994
772;2;0.800566774;-0.754903429;0.075225407;0.696842828;0.191345943
773;2;1.250997188;0.055173688;0.565332225;0.103192688;0.342108888
774;2;2.375888496;-0.146824471;0.473594976;-0.106646509;0.881008687
775;2;2.323244756;-1.184357218;1.597687616;-0.071787643;0.732299384
776;1;2.878375251;0.546632105;-1.442866325;0.192583437;1.327701144
777;3;0.426886815;1.101170497;0.85020131;-0.939805736;-1.092967897
778;2;-1.162100273;-0.062857341;-0.998634143;0.647301406;-0.840904906
779;2;-0.081371896;-0.075509286;0.023873929;0.404111653;0.121094857
780;2;1.460770322;-1.467800898;0.245323619;0.743864638;0.207662129
781;3;0.730695131;0.453494071;0.913173414;-0.188983453;0.942050361
782;3;-4.776667682;-0.356147887;1.376230191;-1.589993941;2.026277192
783;3;6.7583653;1.304595316;-0.308180612;1.098585445;-0.762492665
784;2;-1.110849932;-1.614641957;1.352264364;-0.781357547;-1.287812381
785;3;3.734654542;1.991339463;-0.217245754;1.157556743;-0.155820746
786;2;0.03008658;-1.112783152;-0.771576894;0.066157704;-1.069740223
787;2;5.056503891;0.095789749;-0.474929102;-0.316081694;0.93431136
788;3;2.29379057;0.734119845;0.86605799;-1.147432648;-1.295006244
789;1;0.037166401;-1.560875262;-1.062467086;-0.786808529;0.124103695
790;3;-0.220863722;0.841581613;1.090566486;-0.034193033;0.698875463
791;3;3.956224409;0.697208135;0.40970054;1.571868739;-0.097001252
792;3;-8.291717938;0.999299664;1.180812823;-0.944035195;3.35817527
793;2;0.331301759;-0.931259946;-0.393766152;0.47031983;0.766741442
794;3;-0.653869106;-0.855581734;1.120070848;0.850441786;-0.297390443
795;3;5.553800268;1.692775462;0.416107219;1.556752117;-0.751045689
796;2;1.408772211;-0.46238632;-0.016806756;-0.171707915;1.112100024
797;1;2.375283429;-1.393328409;-1.676787675;0.133003974;1.816000052
798;2;-0.542309421;-0.974941121;-1.310144369;-0.347303662;-0.671200193
799;2;2.805888255;-0.16124097;0.358795957;0.84492187;1.810239831
800;3;2.230007532;1.472133455;-0.381500824;-0.58996501;-0.200292948
801;3;3.342650227;-0.984493479;0.700625642;-0.439365627;-1.468824231
802;3;1.71716483;0.661030316;1.32847021;0.516159813;0.000221262
803;2;1.599119985;-0.965012424;0.751574287;0.145946813;0.295538104
804;3;-2.863287461;-0.553864716;0.641786418;-1.544654889;0.691853356
805;2;1.160812188;1.063858402;-0.441269386;-0.268337946;-0.23155877
806;3;3.712909279;1.740105971;1.820052884;1.882266085;0.57923074
807;3;3.326001378;-0.365179399;1.328431574;-0.6674772;-1.405030976
808;2;-2.83119535;-0.205303278;0.376362468;1.695723058;-0.025717269
809;3;-2.272587168;-0.181606228;0.867000908;-2.648122006;-0.316293369
810;3;-0.30065092;1.077039073;1.758312997;0.800629976;1.427735987
811;3;0.568433145;1.247813527;0.135553105;0.723367638;0.140858882
812;2;-0.229103396;0.980364742;-0.335901862;0.849936062;0.398956056
813;3;0.359389043;0.476557463;1.427208801;-0.693125943;0.288405275
814;1;-0.996772693;-1.179043323;-0.683832678;-0.552574463;-0.485697911
815;1;-6.088509521;-1.40871179;-0.747798407;-1.917925853;-1.01915077
816;2;2.98978776;1.268495484;-0.22747425;-0.78009367;2.089942747
817;3;0.12738317;0.63531076;-0.325696283;-0.73455055;-0.332512161
818;3;6.515834289;0.542552536;1.776672249;0.160984119;-2.423118484
819;2;2.168500988;0.769966396;0.813081429;-0.150541176;0.035292104
820;2;0.084741671;0.073610902;0.541355256;-0.383583572;-1.691757391
821;3;-1.113640402;1.782838456;0.720271704;-0.967780489;-0.092635161
822;2;-2.126411762;0.426228837;0.098182489;0.273976308;-1.93279761
823;3;1.370788472;1.112121367;1.055821917;-0.947573287;-0.097517896
824;2;-4.857624507;0.670359272;-0.892373289;1.028218723;-2.090561327
825;3;0.559115156;2.123637994;0.20542669;-0.07582444;-0.609810572
826;2;-0.220471277;-0.356486564;-1.801232373;0.103143804;-0.792719231
827;2;1.296719332;-0.309032099;-0.512054937;-0.020836017;-0.408896278
828;2;-1.079699597;-0.754996935;0.034581123;0.865066217;-0.231717504
829;2;1.120167952;1.044838424;0.05891107;-0.228836375;0.601406348
830;2;2.760215632;-0.286721466;0.003687179;-0.195869855;0.456469718
831;1;2.336681479;0.308154595;-1.540534886;0.936298595;-1.151467043
832;2;0.081277404;-0.673675177;1.260714426;-0.421249657;-1.054078148
833;2;1.834259327;0.487844155;0.822228689;-0.18021064;0.594206737
834;2;-0.678908624;1.112753887;-0.574656396;-0.586064201;-1.397157634
835;2;3.572423131;0.739828641;-0.147452409;-1.685768333;0.893892773
836;2;1.878971094;0.592427276;-0.268111205;-0.815622776;-0.057860062
837;2;4.353989038;-0.056306359;-0.348525943;-0.320904716;1.051564399
838;2;3.260006322;-0.761405326;-0.206175498;0.03097646;0.66074923
839;3;0.927502936;1.163219044;-0.226951278;1.072931731;1.106827337
840;3;6.387469979;-0.584571704;0.784714035;1.306229426;-0.728758473
841;2;0.522728908;0.885028619;0.827191565;-0.134279952;0.066919464
842;3;1.538578567;0.857668718;0.417176895;-0.826662604;-0.03742141
843;3;-0.745111603;0.246079561;1.353409879;-1.864318546;-0.688440497
844;2;2.032237446;0.397167521;-0.070666159;0.222376317;0.997003126
845;2;2.137447038;-0.22764584;-0.387955932;0.637932869;0.703680255
846;3;2.053433091;2.345905593;0.964074619;0.584228798;0.142110666
847;3;4.329088831;1.145511242;0.450026371;0.451504978;-1.264245898
848;2;3.366091894;0.465048051;-1.173605682;-0.321369205;0.897359248
849;2;-1.971389978;0.550749007;-0.542459594;0.222779363;-1.308807808
850;2;4.114184434;-1.471813448;0.111518319;-1.174705532;1.052753229
851;1;-1.078060081;-0.82992996;-0.623116458;-0.397425578;0.376759471
852;3;0.390126456;-0.893126905;1.134111097;-0.62957532;-0.06230926
853;2;-2.720671866;-1.75900676;1.064499198;-0.053063686;-2.18557786
854;2;0.820481358;-1.809941835;-0.171186844;0.574505056;-0.648255543
855;2;-0.493933508;0.399131626;0.118993679;0.772352071;-0.816095234
856;2;-2.126208294;0.559197985;-1.074929237;-1.004050141;-2.232078902
857;2;-0.185405111;0.548612761;-0.392169737;-0.38782511;-0.923577857
858;2;1.257433483;-0.47598295;-0.004027183;1.02820087;0.175639741
859;1;1.984407039;-1.786868306;-0.391708457;0.210779869;0.731739096
860;2;0.617315872;0.158692614;0.032434678;-1.081063387;-0.17970207
861;2;-1.654269415;-0.551996752;-0.224573116;-0.35540468;-1.160993943
862;2;1.475822359;-0.312098777;0.159584392;-0.836889493;-0.202598893
863;2;1.926200704;-0.368581783;0.186159569;0.243077605;1.41672074
864;2;1.059447821;0.72539961;-1.736155147;-0.070440917;-0.613131678
865;2;-2.44072381;-1.736346671;-0.315840148;-0.32761731;-1.481439371
866;3;-0.979584357;-0.108921371;1.717028062;0.207579618;0.234810229
867;2;-1.21327876;0.143746262;-0.832059887;1.540008106;-0.194991491
868;1;2.075512454;-0.953634994;-0.609746944;0.48466767;-0.453509691
869;2;2.057235987;-2.086301725;-0.871292104;-1.60534874;-0.77832185
870;2;-0.475279232;-0.675921805;1.049865171;-0.166510417;-0.498136392
871;2;-2.157256734;1.418653864;-1.401767212;-0.114283804;-1.730490468
872;1;-2.109052643;0.282079568;-2.020104802;-0.724707277;-1.073183904
873;2;0.463668315;0.005738265;-0.827180997;0.368810553;-0.298689387
874;2;1.279240255;-0.986865925;1.509646835;0.047767357;-0.168821972
875;1;-1.979983958;-1.6958149;-1.351843726;-1.74244699;1.526726695
876;2;1.726266567;-0.182290936;0.546840717;0.248503477;1.541898835
877;2;2.394537894;0.662021674;0.4737062;0.624300956;1.41436869
878;2;0.204214556;0.673534743;-0.661000588;-0.237342398;-1.144161652
879;2;0.94911572;-0.436827771;-0.067670719;-0.404583122;-0.079118709
880;3;2.619085657;-0.051445969;0.478521659;0.693533124;-0.159839141
881;3;0.324752532;-1.150200698;1.200304809;-0.603242469;-0.446657301
882;3;2.149515124;0.793170205;-0.644194329;1.3771853;0.911249385
883;2;-0.187516746;-0.384175474;0.042530803;-0.02780324;0.447220189
884;1;1.0426458;-1.212707667;-0.69742911;1.250511415;-1.064410983
885;3;-5.548558191;2.210780889;0.31521775;-2.042978012;1.047544375
886;2;-0.497213274;-1.005573441;0.739480684;0.031397334;-0.974502062
887;3;4.797156333;0.623924261;0.888817255;0.391896434;-0.823150429
888;3;4.7460186;-0.859347887;1.391365998;0.767562235;-0.274816952
889;2;2.665046532;0.020098336;-0.684702085;-1.688809166;0.683560852
890;3;1.381529358;0.87249733;-0.240442534;-0.014756766;0.238994163
891;1;2.269703332;-1.434887422;-0.774185045;0.631115615;0.366574761
892;1;0.933507832;-2.142453702;0.042938564;-0.581741199;0.120934064
893;2;-2.159831619;-0.595803523;0.933604964;0.683465284;-1.485442234
894;2;-0.022941744;-0.950576418;-0.065738986;0.365534299;0.122901329
895;1;1.744082109;-0.811011404;-0.464415651;1.4549533;-0.564826647
896;1;1.339825968;-2.063453274;0.098780184;-0.005984979;0.307843576
897;2;2.024779895;0.762273994;-1.307564493;-0.779659368;0.042313596
898;2;-1.562156351;0.817014396;-0.749634168;0.019606839;-1.381604443
899;1;4.823655689;-0.205999557;-1.324374078;0.525177228;0.44318103
900;1;0.239270501;-0.027372962;-0.021113636;0.036433077;-0.04656544
901;3;-1.119074978;-0.262671015;0.398065273;0.228022782;0.744105635
902;2;2.674441305;0.736381253;-0.262615351;-0.424248928;-0.266274799
903;2;-3.016053411;-0.849507753;0.703953374;1.574567955;-1.403634536
904;1;1.272355327;-0.969669952;-1.142905892;0.199998986;-0.129935964
905;3;0.126857463;0.128734852;2.188710488;0.568362151;1.356359227
906;3;0.13304922;0.746057249;1.097297629;1.361431537;1.345607089
907;2;0.520598351;-2.229744559;0.515569829;0.928612251;-0.509060151
908;3;1.238060218;0.553195589;1.588892027;0.293910299;-0.118901014
909;3;4.163964403;0.325384768;1.624708823;1.157683659;-1.004430491
910;2;-0.8500681;-0.405607228;-0.680703894;-0.585502729;-0.653508107
911;2;0.151620338;-0.418769493;0.25893605;-0.504340426;-0.962314101
912;2;2.978309408;-0.744194819;0.634338753;-0.532491071;0.875139759
913;2;2.771225074;-2.243115071;1.928509065;-0.379639821;1.609605163
914;3;2.202006938;0.792383605;0.610785282;0.959922368;-0.37647455
915;2;0.176638239;-0.131388114;-0.063618594;0.80020686;0.369477716
916;2;1.711320764;0.076984418;-0.237730726;-0.197919938;0.257138261
917;2;1.377569128;0.090347074;0.136589546;-1.609659084;-2.043312254
918;3;4.137000449;-0.074542592;0.318204063;-0.347555464;-1.223460103
919;2;2.157037338;-1.964240174;0.479783196;-0.366761013;-0.123624982
920;3;-0.699650159;0.486627362;1.245346567;-0.621483421;-0.077855237
921;2;-0.362428849;0.822712298;-0.389642407;0.590495588;0.013159751
922;2;0.356164001;0.34422687;-1.03935177;-0.092313286;-0.880761094
923;1;3.861076946;-1.116602964;-0.845941737;1.373626499;-0.860433765
924;1;-0.734386088;0.658807257;-1.24118594;-1.646702566;0.693918328
925;2;2.0517463;-0.749669725;0.319251227;-0.819109062;0.114595565
926;2;3.801901893;-2.545101567;0.1500699;-2.109475382;0.059673633
927;3;6.259604016;0.6784189;0.908682066;1.41931653;-1.991956546
928;3;1.257420871;2.158107192;0.620501524;-0.024150321;0.479633856
929;2;2.116182513;-0.076694497;-0.782055888;0.265630791;-0.01195964
930;2;2.963200241;-0.200777166;-0.435782329;-1.280469065;-0.087546113
931;2;1.832429097;-0.152570029;0.637914937;-0.026560549;0.439352784
932;2;3.568809782;0.821128979;-0.182796648;-0.90297439;2.245795232
933;1;-0.63331035;-1.193802416;-1.047719899;-0.927978969;0.281383973
934;2;2.751092844;-0.230790973;-0.674987465;-0.96157839;-0.15741111
935;3;0.957923996;0.586394075;1.580140043;-0.660137151;-0.54628786
936;3;-1.073786707;1.343410147;-0.645445686;-0.799762815;0.994769309
937;2;0.325748378;1.11640828;-1.170134951;-0.505406426;-0.22234767
938;2;3.391335342;-1.504227446;-0.931405751;0.114026119;0.112541081
939;3;-1.505446656;0.457464902;0.423453595;-1.218756342;0.114454586
940;2;-2.396485402;-0.789024784;-0.766272347;-0.020117988;-1.848965558
941;2;-2.531149236;0.354932524;-0.405600175;-0.152871013;-1.562594302
942;2;1.51040456;-0.100716485;0.725187869;0.109554961;-0.377086751
943;2;1.015356712;-1.59950546;0.213710805;-1.157410699;0.279428325
944;1;1.796810383;-0.910326345;-2.370715096;-0.391942653;1.098159857
945;3;-0.596003841;0.094033108;1.550193864;-1.648188074;-0.557584763
946;3;3.985628927;2.363690892;0.731053716;1.115107847;-0.280303678
947;2;0.775071237;-1.092351813;-0.210230453;-0.083256868;0.353745192
948;2;0.691081851;0.667616904;-0.178965222;1.281239771;1.174596303
949;2;-1.154670337;0.471599967;-0.653715764;0.171208399;-0.936240035
950;1;1.201503321;-2.326744904;-0.826261827;0.138652425;0.259797355
951;3;3.966856893;1.233206394;1.078750773;1.552600655;0.147954465
952;3;-4.249576082;0.052623985;2.08745119;-1.26435411;1.159969603
953;1;4.655962095;0.943789896;-1.636002515;1.811270456;-0.010015905
954;3;4.128095675;0.794117105;0.24637923;0.096156228;-1.37090111
955;3;-0.440934333;1.447770646;-0.311948954;-1.001746512;0.11888581
956;1;1.186728194;0.062160233;-2.297574408;0.371628255;-0.385139966
957;2;-0.275171614;0.158054913;-1.296825405;0.199554432;-0.125812929
958;2;0.358506985;0.287852029;-0.685235514;0.552589862;0.037102331
959;1;-0.443299671;-0.633248769;-1.981018893;0.273268883;-1.161004705
960;2;0.477859369;-0.324393295;-1.633572051;1.610286573;0.608622905
961;2;1.077866771;-0.956660704;0.273650351;-1.296586754;-0.593842998
962;2;2.830265357;0.114076033;0.022079692;2.08589485;2.321679449
963;2;-0.639383364;-0.172295728;-0.358267053;1.874246004;1.687637044
964;3;4.449996139;1.018105657;-0.36049123;0.647520974;-0.194587016
965;2;4.108299474;-1.174550874;0.254814761;-0.631354795;1.591124987
966;3;-5.156541764;1.124430325;0.900242534;-0.093346706;2.198102725
967;2;3.622495559;-0.045637007;-0.594672776;0.531979328;1.908487848
968;2;1.467353361;0.423179005;0.189647759;-0.335895333;0.362031631
969;2;-0.953194451;-1.21760074;0.484048487;1.648579633;-0.331829691
970;2;-1.242041521;-0.661910013;1.225691906;-0.308350357;-1.6001607
971;1;1.849541449;-0.014574761;-0.312028363;0.150413114;1.75192203
972;2;5.14147033;0.295014492;-0.408108623;0.25156201;1.854748159
973;2;-0.939337276;-0.31085056;0.05496958;0.019352378;-1.507819892
974;3;5.33961353;0.683679631;1.174842895;1.928160644;0.231933535
975;2;2.503640153;0.118683106;0.429989956;0.321984468;0.940064962
976;2;-3.058692222;-0.524878997;-0.249679324;0.01205815;-2.282346978
977;2;2.356240978;0.393501407;-0.780331512;-0.824230916;-0.542415181
978;1;4.059205234;-0.399927147;-1.385754994;0.071829769;3.690132304
979;2;-4.546299643;-0.02387024;-0.820583986;0.086842283;-2.806204341
980;2;0.131881946;-0.210333187;-0.013394078;0.077176569;0.122627437
981;1;2.884828403;-0.368459385;-0.543347084;1.582083598;0.161273848
982;2;-2.105761278;-0.560961125;-0.180879215;0.308631274;-2.812541467
983;2;2.853188639;-0.280437466;0.679373127;-0.121208914;0.523326049
984;2;1.614295433;-0.965084346;1.534656832;0.135112491;-0.290247912
985;1;-3.090847337;-0.425278674;-0.714666134;-0.939285207;-0.798950997
986;2;-3.526069839;1.438500918;0.383816068;0.827620967;-1.974848121
987;3;3.694634891;0.412503788;1.034911379;0.008073421;-0.191110685
988;1;2.62124886;-1.725628764;-0.351920439;0.428624294;0.14543628
989;2;0.499675422;-2.46129613;1.048009215;0.107077893;0.134880047
990;2;5.268561376;0.558462531;-0.849451622;-2.712581504;0.848254097
991;3;-0.907817967;0.948151896;-0.070862534;-1.308124025;-0.130497226
992;2;-2.186692664;0.149319661;0.015320537;0.139472192;-0.610634689
993;2;1.668337862;0.275857062;-0.044904904;1.722404761;1.105198473
994;1;0.499253601;-2.493242467;-1.245565625;-0.687136941;-0.465363411
995;1;3.009328805;-1.165543404;-1.216582607;0.468116548;0.682717588
996;2;0.522115451;0.381003163;-0.109703595;1.14480032;0.230771663
997;2;-2.263513672;-1.877448545;0.912469218;0.964199093;-0.773025418
998;3;-1.07368137;1.126328028;1.169406457;-0.89954757;0.566345793
999;2;5.008742778;-1.013022978;0.923690831;0.506454303;2.094600995
1000;2;-2.236313197;-0.142078027;-0.309919347;1.068173935;-0.783516229
